<?xml version="1.0" encoding="UTF-8"?>
<project-private xmlns="http://www.netbeans.org/ns/project-private/1">
    <editor-bookmarks xmlns="http://www.netbeans.org/ns/editor-bookmarks/2" lastBookmarkId="0"/>
    <open-files xmlns="http://www.netbeans.org/ns/projectui-open-files/2">
        <group>
            <file>file:/C:/Users/Alonso/Documents/NetBeansProjects/Cafeteria_ProyectoFinal/src/Modelo/Cafeteria.java</file>
            <file>file:/C:/Users/Alonso/Documents/NetBeansProjects/Cafeteria_ProyectoFinal/src/Control/Gestion_Cafeteria.java</file>
            <file>file:/C:/Users/Alonso/Documents/NetBeansProjects/Cafeteria_ProyectoFinal/src/Modelo/Patron_Command/Command.java</file>
            <file>file:/C:/Users/Alonso/Documents/NetBeansProjects/Cafeteria_ProyectoFinal/src/Modelo/Patron_Command/Gestor_Command.java</file>
            <file>file:/C:/Users/Alonso/Documents/NetBeansProjects/Cafeteria_ProyectoFinal/src/Modelo/Patron_Command/Pedido_Listo.java</file>
            <file>file:/C:/Users/Alonso/Documents/NetBeansProjects/Cafeteria_ProyectoFinal/src/Modelo/Patron_Command/Pedido.java</file>
            <file>file:/C:/Users/Alonso/Documents/NetBeansProjects/Cafeteria_ProyectoFinal/src/Modelo/Patron_Command/Preparar_Pedido.java</file>
            <file>file:/C:/Users/Alonso/Documents/NetBeansProjects/Cafeteria_ProyectoFinal/src/Modelo/Patron_Decorator/Azucar_Extra.java</file>
            <file>file:/C:/Users/Alonso/Documents/NetBeansProjects/Cafeteria_ProyectoFinal/src/Modelo/Patron_Decorator/Cafe.java</file>
            <file>file:/C:/Users/Alonso/Documents/NetBeansProjects/Cafeteria_ProyectoFinal/src/Modelo/Patron_Decorator/Cafe_Base.java</file>
            <file>file:/C:/Users/Alonso/Documents/NetBeansProjects/Cafeteria_ProyectoFinal/src/Modelo/Patron_Decorator/Canela_Extra.java</file>
            <file>file:/C:/Users/Alonso/Documents/NetBeansProjects/Cafeteria_ProyectoFinal/src/Modelo/Patron_Decorator/Cafe_Decorator.java</file>
            <file>file:/C:/Users/Alonso/Documents/NetBeansProjects/Cafeteria_ProyectoFinal/src/Vista/Pantallita.java</file>
        </group>
    </open-files>
</project-private>
